[{"model": "auth.permission", "pk": 1, "fields": {"name": "Can add log entry", "content_type": 1, "codename": "add_logentry"}}, {"model": "auth.permission", "pk": 2, "fields": {"name": "Can change log entry", "content_type": 1, "codename": "change_logentry"}}, {"model": "auth.permission", "pk": 3, "fields": {"name": "Can delete log entry", "content_type": 1, "codename": "delete_logentry"}}, {"model": "auth.permission", "pk": 4, "fields": {"name": "Can view log entry", "content_type": 1, "codename": "view_logentry"}}, {"model": "auth.permission", "pk": 5, "fields": {"name": "Can add permission", "content_type": 2, "codename": "add_permission"}}, {"model": "auth.permission", "pk": 6, "fields": {"name": "Can change permission", "content_type": 2, "codename": "change_permission"}}, {"model": "auth.permission", "pk": 7, "fields": {"name": "Can delete permission", "content_type": 2, "codename": "delete_permission"}}, {"model": "auth.permission", "pk": 8, "fields": {"name": "Can view permission", "content_type": 2, "codename": "view_permission"}}, {"model": "auth.permission", "pk": 9, "fields": {"name": "Can add group", "content_type": 3, "codename": "add_group"}}, {"model": "auth.permission", "pk": 10, "fields": {"name": "Can change group", "content_type": 3, "codename": "change_group"}}, {"model": "auth.permission", "pk": 11, "fields": {"name": "Can delete group", "content_type": 3, "codename": "delete_group"}}, {"model": "auth.permission", "pk": 12, "fields": {"name": "Can view group", "content_type": 3, "codename": "view_group"}}, {"model": "auth.permission", "pk": 13, "fields": {"name": "Can add user", "content_type": 4, "codename": "add_user"}}, {"model": "auth.permission", "pk": 14, "fields": {"name": "Can change user", "content_type": 4, "codename": "change_user"}}, {"model": "auth.permission", "pk": 15, "fields": {"name": "Can delete user", "content_type": 4, "codename": "delete_user"}}, {"model": "auth.permission", "pk": 16, "fields": {"name": "Can view user", "content_type": 4, "codename": "view_user"}}, {"model": "auth.permission", "pk": 17, "fields": {"name": "Can add content type", "content_type": 5, "codename": "add_contenttype"}}, {"model": "auth.permission", "pk": 18, "fields": {"name": "Can change content type", "content_type": 5, "codename": "change_contenttype"}}, {"model": "auth.permission", "pk": 19, "fields": {"name": "Can delete content type", "content_type": 5, "codename": "delete_contenttype"}}, {"model": "auth.permission", "pk": 20, "fields": {"name": "Can view content type", "content_type": 5, "codename": "view_contenttype"}}, {"model": "auth.permission", "pk": 21, "fields": {"name": "Can add session", "content_type": 6, "codename": "add_session"}}, {"model": "auth.permission", "pk": 22, "fields": {"name": "Can change session", "content_type": 6, "codename": "change_session"}}, {"model": "auth.permission", "pk": 23, "fields": {"name": "Can delete session", "content_type": 6, "codename": "delete_session"}}, {"model": "auth.permission", "pk": 24, "fields": {"name": "Can view session", "content_type": 6, "codename": "view_session"}}, {"model": "auth.permission", "pk": 25, "fields": {"name": "Can add match", "content_type": 7, "codename": "add_match"}}, {"model": "auth.permission", "pk": 26, "fields": {"name": "Can change match", "content_type": 7, "codename": "change_match"}}, {"model": "auth.permission", "pk": 27, "fields": {"name": "Can delete match", "content_type": 7, "codename": "delete_match"}}, {"model": "auth.permission", "pk": 28, "fields": {"name": "Can view match", "content_type": 7, "codename": "view_match"}}, {"model": "auth.permission", "pk": 29, "fields": {"name": "Can add player", "content_type": 8, "codename": "add_player"}}, {"model": "auth.permission", "pk": 30, "fields": {"name": "Can change player", "content_type": 8, "codename": "change_player"}}, {"model": "auth.permission", "pk": 31, "fields": {"name": "Can delete player", "content_type": 8, "codename": "delete_player"}}, {"model": "auth.permission", "pk": 32, "fields": {"name": "Can view player", "content_type": 8, "codename": "view_player"}}, {"model": "auth.permission", "pk": 33, "fields": {"name": "Can add tournament", "content_type": 9, "codename": "add_tournament"}}, {"model": "auth.permission", "pk": 34, "fields": {"name": "Can change tournament", "content_type": 9, "codename": "change_tournament"}}, {"model": "auth.permission", "pk": 35, "fields": {"name": "Can delete tournament", "content_type": 9, "codename": "delete_tournament"}}, {"model": "auth.permission", "pk": 36, "fields": {"name": "Can view tournament", "content_type": 9, "codename": "view_tournament"}}, {"model": "auth.permission", "pk": 37, "fields": {"name": "Can add score", "content_type": 10, "codename": "add_score"}}, {"model": "auth.permission", "pk": 38, "fields": {"name": "Can change score", "content_type": 10, "codename": "change_score"}}, {"model": "auth.permission", "pk": 39, "fields": {"name": "Can delete score", "content_type": 10, "codename": "delete_score"}}, {"model": "auth.permission", "pk": 40, "fields": {"name": "Can view score", "content_type": 10, "codename": "view_score"}}, {"model": "auth.user", "pk": 1, "fields": {"password": "pbkdf2_sha256$870000$EuEd3pXKCOlXxwk8dJ4urg$fmcJZYdrqFE/+paeop2EaeVGzCLVvSRsVjFmcocFlAo=", "last_login": "2025-01-21T17:29:03.330Z", "is_superuser": true, "username": "rocky", "first_name": "", "last_name": "", "email": "", "is_staff": true, "is_active": true, "date_joined": "2025-01-21T17:28:17.277Z", "groups": [], "user_permissions": []}}, {"model": "contenttypes.contenttype", "pk": 1, "fields": {"app_label": "admin", "model": "logentry"}}, {"model": "contenttypes.contenttype", "pk": 2, "fields": {"app_label": "auth", "model": "permission"}}, {"model": "contenttypes.contenttype", "pk": 3, "fields": {"app_label": "auth", "model": "group"}}, {"model": "contenttypes.contenttype", "pk": 4, "fields": {"app_label": "auth", "model": "user"}}, {"model": "contenttypes.contenttype", "pk": 5, "fields": {"app_label": "contenttypes", "model": "contenttype"}}, {"model": "contenttypes.contenttype", "pk": 6, "fields": {"app_label": "sessions", "model": "session"}}, {"model": "contenttypes.contenttype", "pk": 7, "fields": {"app_label": "vr_tournaments", "model": "match"}}, {"model": "contenttypes.contenttype", "pk": 8, "fields": {"app_label": "vr_tournaments", "model": "player"}}, {"model": "contenttypes.contenttype", "pk": 9, "fields": {"app_label": "vr_tournaments", "model": "tournament"}}, {"model": "contenttypes.contenttype", "pk": 10, "fields": {"app_label": "vr_tournaments", "model": "score"}}, {"model": "sessions.session", "pk": "qpqvkktanx6cjcob26wd0eh96geyt8b0", "fields": {"session_data": ".eJxVjDEOAiEQRe9CbcgAEsDS3jOQYQZk1UCy7FbGuxuSLbT9773_FhH3rcZ95DUuLC5CidPvlpCeuU3AD2z3Lqm3bV2SnIo86JC3zvl1Pdy_g4qjzpqJS2GTKZC15DyCA9DWgDKpBA2mQHGoFXjSyoBOU_BnpzAYQCs-X_OKN0Y:1taI3j:qQqGpMeSQ8tTqfj2MqmM6UuwPppOJZU60WC1GA5oNM4", "expire_date": "2025-02-04T17:29:03.337Z"}}, {"model": "vr_tournaments.tournament", "pk": 7, "fields": {"date": "2024-03-20", "name": "Tournament 1", "winner": "Tweeter"}}, {"model": "vr_tournaments.tournament", "pk": 8, "fields": {"date": "2024-04-23", "name": "Tournament 2", "winner": "Trejo"}}, {"model": "vr_tournaments.tournament", "pk": 9, "fields": {"date": "2024-06-12", "name": "Tournament 3", "winner": "Rocky"}}, {"model": "vr_tournaments.tournament", "pk": 10, "fields": {"date": "2024-07-17", "name": "Tournament 4", "winner": "Rocky"}}, {"model": "vr_tournaments.tournament", "pk": 11, "fields": {"date": "2024-08-27", "name": "Tournament 5", "winner": "Rocky"}}, {"model": "vr_tournaments.tournament", "pk": 12, "fields": {"date": "2024-11-27", "name": "Tournament 6", "winner": "Rocky"}}, {"model": "vr_tournaments.tournament", "pk": 13, "fields": {"date": "2025-02-18", "name": "Tournament 7", "winner": ""}}, {"model": "vr_tournaments.player", "pk": 1, "fields": {"name": "Rocky", "tournaments": [13, 12, 11, 10, 9, 8, 7]}}, {"model": "vr_tournaments.player", "pk": 2, "fields": {"name": "Bubba", "tournaments": [13, 12, 11, 10, 9, 8, 7]}}, {"model": "vr_tournaments.player", "pk": 5, "fields": {"name": "Trejo", "tournaments": [13, 12, 11, 10, 9, 8, 7]}}, {"model": "vr_tournaments.player", "pk": 6, "fields": {"name": "Tweeter", "tournaments": [13, 12, 11, 10, 9, 8, 7]}}, {"model": "vr_tournaments.match", "pk": 9, "fields": {"tournament": 7, "date": "2024-03-20"}}, {"model": "vr_tournaments.match", "pk": 10, "fields": {"tournament": 7, "date": "2024-03-20"}}, {"model": "vr_tournaments.match", "pk": 11, "fields": {"tournament": 7, "date": "2024-03-20"}}, {"model": "vr_tournaments.match", "pk": 12, "fields": {"tournament": 7, "date": "2024-03-27"}}, {"model": "vr_tournaments.match", "pk": 13, "fields": {"tournament": 7, "date": "2024-03-27"}}, {"model": "vr_tournaments.match", "pk": 14, "fields": {"tournament": 7, "date": "2024-04-02"}}, {"model": "vr_tournaments.match", "pk": 15, "fields": {"tournament": 7, "date": "2024-04-02"}}, {"model": "vr_tournaments.match", "pk": 16, "fields": {"tournament": 7, "date": "2024-04-09"}}, {"model": "vr_tournaments.match", "pk": 17, "fields": {"tournament": 7, "date": "2024-04-09"}}, {"model": "vr_tournaments.match", "pk": 18, "fields": {"tournament": 7, "date": "2024-04-16"}}, {"model": "vr_tournaments.match", "pk": 19, "fields": {"tournament": 7, "date": "2024-04-16"}}, {"model": "vr_tournaments.match", "pk": 20, "fields": {"tournament": 8, "date": "2024-04-23"}}, {"model": "vr_tournaments.match", "pk": 21, "fields": {"tournament": 8, "date": "2024-04-23"}}, {"model": "vr_tournaments.match", "pk": 22, "fields": {"tournament": 8, "date": "2024-05-01"}}, {"model": "vr_tournaments.match", "pk": 23, "fields": {"tournament": 8, "date": "2024-05-01"}}, {"model": "vr_tournaments.match", "pk": 24, "fields": {"tournament": 8, "date": "2024-05-08"}}, {"model": "vr_tournaments.match", "pk": 25, "fields": {"tournament": 8, "date": "2024-05-08"}}, {"model": "vr_tournaments.match", "pk": 26, "fields": {"tournament": 8, "date": "2024-05-14"}}, {"model": "vr_tournaments.match", "pk": 27, "fields": {"tournament": 8, "date": "2024-05-14"}}, {"model": "vr_tournaments.match", "pk": 28, "fields": {"tournament": 8, "date": "2024-05-21"}}, {"model": "vr_tournaments.match", "pk": 29, "fields": {"tournament": 8, "date": "2024-05-21"}}, {"model": "vr_tournaments.match", "pk": 30, "fields": {"tournament": 8, "date": "2024-05-28"}}, {"model": "vr_tournaments.match", "pk": 31, "fields": {"tournament": 8, "date": "2024-05-28"}}, {"model": "vr_tournaments.match", "pk": 32, "fields": {"tournament": 8, "date": "2024-06-04"}}, {"model": "vr_tournaments.match", "pk": 33, "fields": {"tournament": 8, "date": "2024-06-04"}}, {"model": "vr_tournaments.match", "pk": 34, "fields": {"tournament": 9, "date": "2024-06-12"}}, {"model": "vr_tournaments.match", "pk": 35, "fields": {"tournament": 9, "date": "2024-06-12"}}, {"model": "vr_tournaments.match", "pk": 36, "fields": {"tournament": 9, "date": "2024-06-12"}}, {"model": "vr_tournaments.match", "pk": 37, "fields": {"tournament": 9, "date": "2024-06-18"}}, {"model": "vr_tournaments.match", "pk": 38, "fields": {"tournament": 9, "date": "2024-06-18"}}, {"model": "vr_tournaments.match", "pk": 39, "fields": {"tournament": 9, "date": "2024-06-18"}}, {"model": "vr_tournaments.match", "pk": 40, "fields": {"tournament": 9, "date": "2024-06-18"}}, {"model": "vr_tournaments.match", "pk": 41, "fields": {"tournament": 9, "date": "2024-06-25"}}, {"model": "vr_tournaments.match", "pk": 43, "fields": {"tournament": 9, "date": "2024-06-25"}}, {"model": "vr_tournaments.match", "pk": 44, "fields": {"tournament": 9, "date": "2024-06-25"}}, {"model": "vr_tournaments.match", "pk": 45, "fields": {"tournament": 9, "date": "2024-07-02"}}, {"model": "vr_tournaments.match", "pk": 46, "fields": {"tournament": 9, "date": "2024-07-02"}}, {"model": "vr_tournaments.match", "pk": 47, "fields": {"tournament": 9, "date": "2024-07-09"}}, {"model": "vr_tournaments.match", "pk": 48, "fields": {"tournament": 9, "date": "2024-07-09"}}, {"model": "vr_tournaments.match", "pk": 49, "fields": {"tournament": 10, "date": "2024-07-17"}}, {"model": "vr_tournaments.match", "pk": 50, "fields": {"tournament": 10, "date": "2024-07-17"}}, {"model": "vr_tournaments.match", "pk": 51, "fields": {"tournament": 10, "date": "2024-07-17"}}, {"model": "vr_tournaments.match", "pk": 52, "fields": {"tournament": 10, "date": "2024-07-23"}}, {"model": "vr_tournaments.match", "pk": 53, "fields": {"tournament": 10, "date": "2024-07-23"}}, {"model": "vr_tournaments.match", "pk": 54, "fields": {"tournament": 10, "date": "2024-07-23"}}, {"model": "vr_tournaments.match", "pk": 55, "fields": {"tournament": 10, "date": "2024-08-14"}}, {"model": "vr_tournaments.match", "pk": 56, "fields": {"tournament": 10, "date": "2024-08-14"}}, {"model": "vr_tournaments.match", "pk": 57, "fields": {"tournament": 10, "date": "2024-08-20"}}, {"model": "vr_tournaments.match", "pk": 58, "fields": {"tournament": 10, "date": "2024-08-20"}}, {"model": "vr_tournaments.match", "pk": 59, "fields": {"tournament": 10, "date": "2024-07-30"}}, {"model": "vr_tournaments.match", "pk": 60, "fields": {"tournament": 10, "date": "2024-07-30"}}, {"model": "vr_tournaments.match", "pk": 61, "fields": {"tournament": 11, "date": "2024-08-27"}}, {"model": "vr_tournaments.match", "pk": 62, "fields": {"tournament": 11, "date": "2024-09-03"}}, {"model": "vr_tournaments.match", "pk": 63, "fields": {"tournament": 11, "date": "2024-09-03"}}, {"model": "vr_tournaments.match", "pk": 64, "fields": {"tournament": 11, "date": "2024-09-10"}}, {"model": "vr_tournaments.match", "pk": 65, "fields": {"tournament": 11, "date": "2024-09-18"}}, {"model": "vr_tournaments.match", "pk": 66, "fields": {"tournament": 11, "date": "2024-09-25"}}, {"model": "vr_tournaments.match", "pk": 67, "fields": {"tournament": 11, "date": "2024-09-25"}}, {"model": "vr_tournaments.match", "pk": 68, "fields": {"tournament": 11, "date": "2024-10-08"}}, {"model": "vr_tournaments.match", "pk": 69, "fields": {"tournament": 11, "date": "2024-10-08"}}, {"model": "vr_tournaments.match", "pk": 70, "fields": {"tournament": 11, "date": "2024-10-08"}}, {"model": "vr_tournaments.match", "pk": 71, "fields": {"tournament": 11, "date": "2024-10-15"}}, {"model": "vr_tournaments.match", "pk": 72, "fields": {"tournament": 11, "date": "2024-10-15"}}, {"model": "vr_tournaments.match", "pk": 73, "fields": {"tournament": 11, "date": "2024-10-22"}}, {"model": "vr_tournaments.match", "pk": 74, "fields": {"tournament": 11, "date": "2024-10-22"}}, {"model": "vr_tournaments.match", "pk": 75, "fields": {"tournament": 12, "date": "2024-11-27"}}, {"model": "vr_tournaments.match", "pk": 76, "fields": {"tournament": 12, "date": "2024-11-27"}}, {"model": "vr_tournaments.match", "pk": 78, "fields": {"tournament": 12, "date": "2024-12-04"}}, {"model": "vr_tournaments.match", "pk": 79, "fields": {"tournament": 12, "date": "2024-12-04"}}, {"model": "vr_tournaments.match", "pk": 80, "fields": {"tournament": 12, "date": "2024-12-11"}}, {"model": "vr_tournaments.match", "pk": 81, "fields": {"tournament": 12, "date": "2024-12-11"}}, {"model": "vr_tournaments.match", "pk": 82, "fields": {"tournament": 12, "date": "2024-12-17"}}, {"model": "vr_tournaments.match", "pk": 83, "fields": {"tournament": 12, "date": "2024-12-17"}}, {"model": "vr_tournaments.match", "pk": 84, "fields": {"tournament": 12, "date": "2024-12-17"}}, {"model": "vr_tournaments.match", "pk": 85, "fields": {"tournament": 12, "date": "2024-12-17"}}, {"model": "vr_tournaments.match", "pk": 86, "fields": {"tournament": 12, "date": "2025-01-08"}}, {"model": "vr_tournaments.match", "pk": 87, "fields": {"tournament": 12, "date": "2025-01-08"}}, {"model": "vr_tournaments.match", "pk": 88, "fields": {"tournament": 12, "date": "2025-01-15"}}, {"model": "vr_tournaments.match", "pk": 89, "fields": {"tournament": 12, "date": "2025-01-15"}}, {"model": "vr_tournaments.match", "pk": 90, "fields": {"tournament": 13, "date": "2025-02-18"}}, {"model": "vr_tournaments.match", "pk": 91, "fields": {"tournament": 13, "date": "2025-02-18"}}, {"model": "vr_tournaments.score", "pk": 25, "fields": {"player": 1, "match": 9, "score": 2}}, {"model": "vr_tournaments.score", "pk": 26, "fields": {"player": 2, "match": 9, "score": 1}}, {"model": "vr_tournaments.score", "pk": 27, "fields": {"player": 5, "match": 9, "score": 3}}, {"model": "vr_tournaments.score", "pk": 28, "fields": {"player": 6, "match": 9, "score": 4}}, {"model": "vr_tournaments.score", "pk": 29, "fields": {"player": 1, "match": 10, "score": 1}}, {"model": "vr_tournaments.score", "pk": 30, "fields": {"player": 2, "match": 10, "score": 3}}, {"model": "vr_tournaments.score", "pk": 31, "fields": {"player": 5, "match": 10, "score": 2}}, {"model": "vr_tournaments.score", "pk": 32, "fields": {"player": 6, "match": 10, "score": 4}}, {"model": "vr_tournaments.score", "pk": 33, "fields": {"player": 1, "match": 11, "score": 3}}, {"model": "vr_tournaments.score", "pk": 34, "fields": {"player": 2, "match": 11, "score": 1}}, {"model": "vr_tournaments.score", "pk": 35, "fields": {"player": 5, "match": 11, "score": 2}}, {"model": "vr_tournaments.score", "pk": 36, "fields": {"player": 6, "match": 11, "score": 4}}, {"model": "vr_tournaments.score", "pk": 37, "fields": {"player": 1, "match": 12, "score": 3}}, {"model": "vr_tournaments.score", "pk": 38, "fields": {"player": 2, "match": 12, "score": 2}}, {"model": "vr_tournaments.score", "pk": 39, "fields": {"player": 5, "match": 12, "score": 1}}, {"model": "vr_tournaments.score", "pk": 40, "fields": {"player": 6, "match": 12, "score": 4}}, {"model": "vr_tournaments.score", "pk": 41, "fields": {"player": 1, "match": 13, "score": 3}}, {"model": "vr_tournaments.score", "pk": 42, "fields": {"player": 2, "match": 13, "score": 3}}, {"model": "vr_tournaments.score", "pk": 43, "fields": {"player": 5, "match": 13, "score": 4}}, {"model": "vr_tournaments.score", "pk": 44, "fields": {"player": 6, "match": 13, "score": 1}}, {"model": "vr_tournaments.score", "pk": 45, "fields": {"player": 1, "match": 14, "score": 3}}, {"model": "vr_tournaments.score", "pk": 46, "fields": {"player": 2, "match": 14, "score": 2}}, {"model": "vr_tournaments.score", "pk": 47, "fields": {"player": 5, "match": 14, "score": 2}}, {"model": "vr_tournaments.score", "pk": 48, "fields": {"player": 6, "match": 14, "score": 0}}, {"model": "vr_tournaments.score", "pk": 49, "fields": {"player": 1, "match": 15, "score": 2}}, {"model": "vr_tournaments.score", "pk": 50, "fields": {"player": 2, "match": 15, "score": 3}}, {"model": "vr_tournaments.score", "pk": 51, "fields": {"player": 5, "match": 15, "score": 0}}, {"model": "vr_tournaments.score", "pk": 52, "fields": {"player": 6, "match": 15, "score": 1}}, {"model": "vr_tournaments.score", "pk": 53, "fields": {"player": 1, "match": 16, "score": 2}}, {"model": "vr_tournaments.score", "pk": 54, "fields": {"player": 2, "match": 16, "score": 1}}, {"model": "vr_tournaments.score", "pk": 55, "fields": {"player": 5, "match": 16, "score": 0}}, {"model": "vr_tournaments.score", "pk": 56, "fields": {"player": 6, "match": 16, "score": 3}}, {"model": "vr_tournaments.score", "pk": 57, "fields": {"player": 1, "match": 17, "score": 2}}, {"model": "vr_tournaments.score", "pk": 58, "fields": {"player": 2, "match": 17, "score": 1}}, {"model": "vr_tournaments.score", "pk": 59, "fields": {"player": 5, "match": 17, "score": 0}}, {"model": "vr_tournaments.score", "pk": 60, "fields": {"player": 6, "match": 17, "score": 3}}, {"model": "vr_tournaments.score", "pk": 61, "fields": {"player": 1, "match": 18, "score": 1}}, {"model": "vr_tournaments.score", "pk": 62, "fields": {"player": 2, "match": 18, "score": 3}}, {"model": "vr_tournaments.score", "pk": 63, "fields": {"player": 5, "match": 18, "score": 3}}, {"model": "vr_tournaments.score", "pk": 64, "fields": {"player": 6, "match": 18, "score": 4}}, {"model": "vr_tournaments.score", "pk": 65, "fields": {"player": 1, "match": 19, "score": 4}}, {"model": "vr_tournaments.score", "pk": 66, "fields": {"player": 2, "match": 19, "score": 3}}, {"model": "vr_tournaments.score", "pk": 67, "fields": {"player": 5, "match": 19, "score": 1}}, {"model": "vr_tournaments.score", "pk": 68, "fields": {"player": 6, "match": 19, "score": 2}}, {"model": "vr_tournaments.score", "pk": 69, "fields": {"player": 1, "match": 20, "score": 0}}, {"model": "vr_tournaments.score", "pk": 70, "fields": {"player": 2, "match": 20, "score": 2}}, {"model": "vr_tournaments.score", "pk": 71, "fields": {"player": 5, "match": 20, "score": 1}}, {"model": "vr_tournaments.score", "pk": 72, "fields": {"player": 6, "match": 20, "score": 3}}, {"model": "vr_tournaments.score", "pk": 73, "fields": {"player": 1, "match": 21, "score": 2}}, {"model": "vr_tournaments.score", "pk": 74, "fields": {"player": 2, "match": 21, "score": 1}}, {"model": "vr_tournaments.score", "pk": 75, "fields": {"player": 5, "match": 21, "score": 3}}, {"model": "vr_tournaments.score", "pk": 76, "fields": {"player": 6, "match": 21, "score": 0}}, {"model": "vr_tournaments.score", "pk": 77, "fields": {"player": 1, "match": 22, "score": 3}}, {"model": "vr_tournaments.score", "pk": 78, "fields": {"player": 2, "match": 22, "score": 0}}, {"model": "vr_tournaments.score", "pk": 79, "fields": {"player": 5, "match": 22, "score": 1}}, {"model": "vr_tournaments.score", "pk": 80, "fields": {"player": 6, "match": 22, "score": 2}}, {"model": "vr_tournaments.score", "pk": 81, "fields": {"player": 1, "match": 23, "score": 1}}, {"model": "vr_tournaments.score", "pk": 82, "fields": {"player": 2, "match": 23, "score": 0}}, {"model": "vr_tournaments.score", "pk": 83, "fields": {"player": 5, "match": 23, "score": 2}}, {"model": "vr_tournaments.score", "pk": 84, "fields": {"player": 6, "match": 23, "score": 3}}, {"model": "vr_tournaments.score", "pk": 85, "fields": {"player": 1, "match": 24, "score": 3}}, {"model": "vr_tournaments.score", "pk": 86, "fields": {"player": 2, "match": 24, "score": 1}}, {"model": "vr_tournaments.score", "pk": 87, "fields": {"player": 5, "match": 24, "score": 4}}, {"model": "vr_tournaments.score", "pk": 88, "fields": {"player": 6, "match": 24, "score": 2}}, {"model": "vr_tournaments.score", "pk": 89, "fields": {"player": 1, "match": 25, "score": 3}}, {"model": "vr_tournaments.score", "pk": 90, "fields": {"player": 2, "match": 25, "score": 1}}, {"model": "vr_tournaments.score", "pk": 91, "fields": {"player": 5, "match": 25, "score": 0}}, {"model": "vr_tournaments.score", "pk": 92, "fields": {"player": 6, "match": 25, "score": 2}}, {"model": "vr_tournaments.score", "pk": 93, "fields": {"player": 1, "match": 26, "score": 1}}, {"model": "vr_tournaments.score", "pk": 94, "fields": {"player": 2, "match": 26, "score": 2}}, {"model": "vr_tournaments.score", "pk": 95, "fields": {"player": 5, "match": 26, "score": 3}}, {"model": "vr_tournaments.score", "pk": 96, "fields": {"player": 6, "match": 26, "score": 4}}, {"model": "vr_tournaments.score", "pk": 97, "fields": {"player": 1, "match": 27, "score": 2}}, {"model": "vr_tournaments.score", "pk": 98, "fields": {"player": 2, "match": 27, "score": 1}}, {"model": "vr_tournaments.score", "pk": 99, "fields": {"player": 5, "match": 27, "score": 3}}, {"model": "vr_tournaments.score", "pk": 100, "fields": {"player": 6, "match": 27, "score": 4}}, {"model": "vr_tournaments.score", "pk": 101, "fields": {"player": 1, "match": 28, "score": 1}}, {"model": "vr_tournaments.score", "pk": 102, "fields": {"player": 2, "match": 28, "score": 0}}, {"model": "vr_tournaments.score", "pk": 103, "fields": {"player": 5, "match": 28, "score": 2}}, {"model": "vr_tournaments.score", "pk": 104, "fields": {"player": 6, "match": 28, "score": 3}}, {"model": "vr_tournaments.score", "pk": 105, "fields": {"player": 1, "match": 29, "score": 2}}, {"model": "vr_tournaments.score", "pk": 106, "fields": {"player": 2, "match": 29, "score": 0}}, {"model": "vr_tournaments.score", "pk": 107, "fields": {"player": 5, "match": 29, "score": 1}}, {"model": "vr_tournaments.score", "pk": 108, "fields": {"player": 6, "match": 29, "score": 3}}, {"model": "vr_tournaments.score", "pk": 109, "fields": {"player": 1, "match": 30, "score": 2}}, {"model": "vr_tournaments.score", "pk": 110, "fields": {"player": 2, "match": 30, "score": 1}}, {"model": "vr_tournaments.score", "pk": 111, "fields": {"player": 5, "match": 30, "score": 3}}, {"model": "vr_tournaments.score", "pk": 112, "fields": {"player": 6, "match": 30, "score": 0}}, {"model": "vr_tournaments.score", "pk": 113, "fields": {"player": 1, "match": 31, "score": 3}}, {"model": "vr_tournaments.score", "pk": 114, "fields": {"player": 2, "match": 31, "score": 1}}, {"model": "vr_tournaments.score", "pk": 115, "fields": {"player": 5, "match": 31, "score": 2}}, {"model": "vr_tournaments.score", "pk": 116, "fields": {"player": 6, "match": 31, "score": 0}}, {"model": "vr_tournaments.score", "pk": 117, "fields": {"player": 1, "match": 32, "score": 3}}, {"model": "vr_tournaments.score", "pk": 118, "fields": {"player": 2, "match": 32, "score": 1}}, {"model": "vr_tournaments.score", "pk": 119, "fields": {"player": 5, "match": 32, "score": 2}}, {"model": "vr_tournaments.score", "pk": 120, "fields": {"player": 6, "match": 32, "score": 0}}, {"model": "vr_tournaments.score", "pk": 121, "fields": {"player": 1, "match": 33, "score": 1}}, {"model": "vr_tournaments.score", "pk": 122, "fields": {"player": 2, "match": 33, "score": 2}}, {"model": "vr_tournaments.score", "pk": 123, "fields": {"player": 5, "match": 33, "score": 3}}, {"model": "vr_tournaments.score", "pk": 124, "fields": {"player": 6, "match": 33, "score": 0}}, {"model": "vr_tournaments.score", "pk": 125, "fields": {"player": 1, "match": 34, "score": 2}}, {"model": "vr_tournaments.score", "pk": 126, "fields": {"player": 2, "match": 34, "score": 1}}, {"model": "vr_tournaments.score", "pk": 127, "fields": {"player": 5, "match": 34, "score": 3}}, {"model": "vr_tournaments.score", "pk": 128, "fields": {"player": 6, "match": 34, "score": 4}}, {"model": "vr_tournaments.score", "pk": 129, "fields": {"player": 1, "match": 35, "score": 3}}, {"model": "vr_tournaments.score", "pk": 130, "fields": {"player": 2, "match": 35, "score": 1}}, {"model": "vr_tournaments.score", "pk": 131, "fields": {"player": 5, "match": 35, "score": 2}}, {"model": "vr_tournaments.score", "pk": 132, "fields": {"player": 6, "match": 35, "score": 4}}, {"model": "vr_tournaments.score", "pk": 133, "fields": {"player": 1, "match": 36, "score": 4}}, {"model": "vr_tournaments.score", "pk": 134, "fields": {"player": 2, "match": 36, "score": 4}}, {"model": "vr_tournaments.score", "pk": 135, "fields": {"player": 5, "match": 36, "score": 1}}, {"model": "vr_tournaments.score", "pk": 136, "fields": {"player": 6, "match": 36, "score": 2}}, {"model": "vr_tournaments.score", "pk": 137, "fields": {"player": 1, "match": 37, "score": 3}}, {"model": "vr_tournaments.score", "pk": 138, "fields": {"player": 2, "match": 37, "score": 1}}, {"model": "vr_tournaments.score", "pk": 139, "fields": {"player": 5, "match": 37, "score": 4}}, {"model": "vr_tournaments.score", "pk": 140, "fields": {"player": 6, "match": 37, "score": 2}}, {"model": "vr_tournaments.score", "pk": 141, "fields": {"player": 1, "match": 38, "score": 1}}, {"model": "vr_tournaments.score", "pk": 142, "fields": {"player": 2, "match": 38, "score": 3}}, {"model": "vr_tournaments.score", "pk": 143, "fields": {"player": 5, "match": 38, "score": 2}}, {"model": "vr_tournaments.score", "pk": 144, "fields": {"player": 6, "match": 38, "score": 4}}, {"model": "vr_tournaments.score", "pk": 145, "fields": {"player": 1, "match": 39, "score": 4}}, {"model": "vr_tournaments.score", "pk": 146, "fields": {"player": 2, "match": 39, "score": 4}}, {"model": "vr_tournaments.score", "pk": 147, "fields": {"player": 5, "match": 39, "score": 2}}, {"model": "vr_tournaments.score", "pk": 148, "fields": {"player": 6, "match": 39, "score": 1}}, {"model": "vr_tournaments.score", "pk": 149, "fields": {"player": 1, "match": 40, "score": 1}}, {"model": "vr_tournaments.score", "pk": 150, "fields": {"player": 2, "match": 40, "score": 0}}, {"model": "vr_tournaments.score", "pk": 151, "fields": {"player": 5, "match": 40, "score": 0}}, {"model": "vr_tournaments.score", "pk": 152, "fields": {"player": 6, "match": 40, "score": 0}}, {"model": "vr_tournaments.score", "pk": 153, "fields": {"player": 1, "match": 41, "score": 4}}, {"model": "vr_tournaments.score", "pk": 154, "fields": {"player": 2, "match": 41, "score": 1}}, {"model": "vr_tournaments.score", "pk": 155, "fields": {"player": 5, "match": 41, "score": 3}}, {"model": "vr_tournaments.score", "pk": 156, "fields": {"player": 6, "match": 41, "score": 3}}, {"model": "vr_tournaments.score", "pk": 157, "fields": {"player": 1, "match": 43, "score": 2}}, {"model": "vr_tournaments.score", "pk": 158, "fields": {"player": 2, "match": 43, "score": 1}}, {"model": "vr_tournaments.score", "pk": 159, "fields": {"player": 5, "match": 43, "score": 4}}, {"model": "vr_tournaments.score", "pk": 160, "fields": {"player": 6, "match": 43, "score": 3}}, {"model": "vr_tournaments.score", "pk": 161, "fields": {"player": 1, "match": 44, "score": 3}}, {"model": "vr_tournaments.score", "pk": 162, "fields": {"player": 2, "match": 44, "score": 2}}, {"model": "vr_tournaments.score", "pk": 163, "fields": {"player": 5, "match": 44, "score": 4}}, {"model": "vr_tournaments.score", "pk": 164, "fields": {"player": 6, "match": 44, "score": 1}}, {"model": "vr_tournaments.score", "pk": 165, "fields": {"player": 1, "match": 45, "score": 0}}, {"model": "vr_tournaments.score", "pk": 166, "fields": {"player": 2, "match": 45, "score": 1}}, {"model": "vr_tournaments.score", "pk": 167, "fields": {"player": 5, "match": 45, "score": 0}}, {"model": "vr_tournaments.score", "pk": 168, "fields": {"player": 6, "match": 45, "score": 0}}, {"model": "vr_tournaments.score", "pk": 169, "fields": {"player": 1, "match": 46, "score": 0}}, {"model": "vr_tournaments.score", "pk": 170, "fields": {"player": 2, "match": 46, "score": 1}}, {"model": "vr_tournaments.score", "pk": 171, "fields": {"player": 5, "match": 46, "score": 0}}, {"model": "vr_tournaments.score", "pk": 172, "fields": {"player": 6, "match": 46, "score": 0}}, {"model": "vr_tournaments.score", "pk": 173, "fields": {"player": 1, "match": 47, "score": 2}}, {"model": "vr_tournaments.score", "pk": 174, "fields": {"player": 2, "match": 47, "score": 1}}, {"model": "vr_tournaments.score", "pk": 175, "fields": {"player": 5, "match": 47, "score": 3}}, {"model": "vr_tournaments.score", "pk": 176, "fields": {"player": 6, "match": 47, "score": 0}}, {"model": "vr_tournaments.score", "pk": 177, "fields": {"player": 1, "match": 48, "score": 2}}, {"model": "vr_tournaments.score", "pk": 178, "fields": {"player": 2, "match": 48, "score": 1}}, {"model": "vr_tournaments.score", "pk": 179, "fields": {"player": 5, "match": 48, "score": 3}}, {"model": "vr_tournaments.score", "pk": 180, "fields": {"player": 6, "match": 48, "score": 4}}, {"model": "vr_tournaments.score", "pk": 181, "fields": {"player": 1, "match": 49, "score": 3}}, {"model": "vr_tournaments.score", "pk": 182, "fields": {"player": 2, "match": 49, "score": 4}}, {"model": "vr_tournaments.score", "pk": 183, "fields": {"player": 5, "match": 49, "score": 2}}, {"model": "vr_tournaments.score", "pk": 184, "fields": {"player": 6, "match": 49, "score": 1}}, {"model": "vr_tournaments.score", "pk": 185, "fields": {"player": 1, "match": 50, "score": 2}}, {"model": "vr_tournaments.score", "pk": 186, "fields": {"player": 2, "match": 50, "score": 1}}, {"model": "vr_tournaments.score", "pk": 187, "fields": {"player": 5, "match": 50, "score": 3}}, {"model": "vr_tournaments.score", "pk": 188, "fields": {"player": 6, "match": 50, "score": 4}}, {"model": "vr_tournaments.score", "pk": 189, "fields": {"player": 1, "match": 51, "score": 4}}, {"model": "vr_tournaments.score", "pk": 190, "fields": {"player": 2, "match": 51, "score": 2}}, {"model": "vr_tournaments.score", "pk": 191, "fields": {"player": 5, "match": 51, "score": 3}}, {"model": "vr_tournaments.score", "pk": 192, "fields": {"player": 6, "match": 51, "score": 1}}, {"model": "vr_tournaments.score", "pk": 193, "fields": {"player": 1, "match": 52, "score": 3}}, {"model": "vr_tournaments.score", "pk": 194, "fields": {"player": 2, "match": 52, "score": 1}}, {"model": "vr_tournaments.score", "pk": 195, "fields": {"player": 5, "match": 52, "score": 2}}, {"model": "vr_tournaments.score", "pk": 196, "fields": {"player": 6, "match": 52, "score": 4}}, {"model": "vr_tournaments.score", "pk": 197, "fields": {"player": 1, "match": 53, "score": 2}}, {"model": "vr_tournaments.score", "pk": 198, "fields": {"player": 2, "match": 53, "score": 2}}, {"model": "vr_tournaments.score", "pk": 199, "fields": {"player": 5, "match": 53, "score": 3}}, {"model": "vr_tournaments.score", "pk": 200, "fields": {"player": 6, "match": 53, "score": 4}}, {"model": "vr_tournaments.score", "pk": 201, "fields": {"player": 1, "match": 54, "score": 3}}, {"model": "vr_tournaments.score", "pk": 202, "fields": {"player": 2, "match": 54, "score": 2}}, {"model": "vr_tournaments.score", "pk": 203, "fields": {"player": 5, "match": 54, "score": 1}}, {"model": "vr_tournaments.score", "pk": 204, "fields": {"player": 6, "match": 54, "score": 4}}, {"model": "vr_tournaments.score", "pk": 205, "fields": {"player": 1, "match": 55, "score": 2}}, {"model": "vr_tournaments.score", "pk": 206, "fields": {"player": 2, "match": 55, "score": 3}}, {"model": "vr_tournaments.score", "pk": 207, "fields": {"player": 5, "match": 55, "score": 4}}, {"model": "vr_tournaments.score", "pk": 208, "fields": {"player": 6, "match": 55, "score": 1}}, {"model": "vr_tournaments.score", "pk": 209, "fields": {"player": 1, "match": 56, "score": 3}}, {"model": "vr_tournaments.score", "pk": 210, "fields": {"player": 2, "match": 56, "score": 3}}, {"model": "vr_tournaments.score", "pk": 211, "fields": {"player": 5, "match": 56, "score": 1}}, {"model": "vr_tournaments.score", "pk": 212, "fields": {"player": 6, "match": 56, "score": 1}}, {"model": "vr_tournaments.score", "pk": 213, "fields": {"player": 1, "match": 57, "score": 2}}, {"model": "vr_tournaments.score", "pk": 214, "fields": {"player": 2, "match": 57, "score": 1}}, {"model": "vr_tournaments.score", "pk": 215, "fields": {"player": 5, "match": 57, "score": 0}}, {"model": "vr_tournaments.score", "pk": 216, "fields": {"player": 6, "match": 57, "score": 3}}, {"model": "vr_tournaments.score", "pk": 217, "fields": {"player": 1, "match": 58, "score": 2}}, {"model": "vr_tournaments.score", "pk": 218, "fields": {"player": 2, "match": 58, "score": 1}}, {"model": "vr_tournaments.score", "pk": 219, "fields": {"player": 5, "match": 58, "score": 0}}, {"model": "vr_tournaments.score", "pk": 220, "fields": {"player": 6, "match": 58, "score": 3}}, {"model": "vr_tournaments.score", "pk": 221, "fields": {"player": 1, "match": 59, "score": 3}}, {"model": "vr_tournaments.score", "pk": 222, "fields": {"player": 2, "match": 59, "score": 2}}, {"model": "vr_tournaments.score", "pk": 223, "fields": {"player": 5, "match": 59, "score": 1}}, {"model": "vr_tournaments.score", "pk": 224, "fields": {"player": 6, "match": 59, "score": 0}}, {"model": "vr_tournaments.score", "pk": 225, "fields": {"player": 1, "match": 60, "score": 2}}, {"model": "vr_tournaments.score", "pk": 226, "fields": {"player": 2, "match": 60, "score": 1}}, {"model": "vr_tournaments.score", "pk": 227, "fields": {"player": 5, "match": 60, "score": 3}}, {"model": "vr_tournaments.score", "pk": 228, "fields": {"player": 6, "match": 60, "score": 0}}, {"model": "vr_tournaments.score", "pk": 229, "fields": {"player": 1, "match": 61, "score": 3}}, {"model": "vr_tournaments.score", "pk": 230, "fields": {"player": 2, "match": 61, "score": 1}}, {"model": "vr_tournaments.score", "pk": 231, "fields": {"player": 5, "match": 61, "score": 2}}, {"model": "vr_tournaments.score", "pk": 232, "fields": {"player": 6, "match": 61, "score": 0}}, {"model": "vr_tournaments.score", "pk": 233, "fields": {"player": 1, "match": 62, "score": 1}}, {"model": "vr_tournaments.score", "pk": 234, "fields": {"player": 2, "match": 62, "score": 1}}, {"model": "vr_tournaments.score", "pk": 235, "fields": {"player": 5, "match": 62, "score": 3}}, {"model": "vr_tournaments.score", "pk": 236, "fields": {"player": 6, "match": 62, "score": 3}}, {"model": "vr_tournaments.score", "pk": 237, "fields": {"player": 1, "match": 63, "score": 3}}, {"model": "vr_tournaments.score", "pk": 238, "fields": {"player": 2, "match": 63, "score": 3}}, {"model": "vr_tournaments.score", "pk": 239, "fields": {"player": 5, "match": 63, "score": 4}}, {"model": "vr_tournaments.score", "pk": 240, "fields": {"player": 6, "match": 63, "score": 1}}, {"model": "vr_tournaments.score", "pk": 241, "fields": {"player": 1, "match": 64, "score": 3}}, {"model": "vr_tournaments.score", "pk": 242, "fields": {"player": 2, "match": 64, "score": 3}}, {"model": "vr_tournaments.score", "pk": 243, "fields": {"player": 5, "match": 64, "score": 1}}, {"model": "vr_tournaments.score", "pk": 244, "fields": {"player": 6, "match": 64, "score": 1}}, {"model": "vr_tournaments.score", "pk": 245, "fields": {"player": 1, "match": 65, "score": 1}}, {"model": "vr_tournaments.score", "pk": 246, "fields": {"player": 2, "match": 65, "score": 1}}, {"model": "vr_tournaments.score", "pk": 247, "fields": {"player": 5, "match": 65, "score": 3}}, {"model": "vr_tournaments.score", "pk": 248, "fields": {"player": 6, "match": 65, "score": 3}}, {"model": "vr_tournaments.score", "pk": 249, "fields": {"player": 1, "match": 66, "score": 1}}, {"model": "vr_tournaments.score", "pk": 250, "fields": {"player": 2, "match": 66, "score": 2}}, {"model": "vr_tournaments.score", "pk": 251, "fields": {"player": 5, "match": 66, "score": 0}}, {"model": "vr_tournaments.score", "pk": 252, "fields": {"player": 6, "match": 66, "score": 3}}, {"model": "vr_tournaments.score", "pk": 253, "fields": {"player": 1, "match": 67, "score": 3}}, {"model": "vr_tournaments.score", "pk": 254, "fields": {"player": 2, "match": 67, "score": 1}}, {"model": "vr_tournaments.score", "pk": 255, "fields": {"player": 5, "match": 67, "score": 0}}, {"model": "vr_tournaments.score", "pk": 256, "fields": {"player": 6, "match": 67, "score": 3}}, {"model": "vr_tournaments.score", "pk": 257, "fields": {"player": 1, "match": 68, "score": 3}}, {"model": "vr_tournaments.score", "pk": 258, "fields": {"player": 2, "match": 68, "score": 1}}, {"model": "vr_tournaments.score", "pk": 259, "fields": {"player": 5, "match": 68, "score": 2}}, {"model": "vr_tournaments.score", "pk": 260, "fields": {"player": 6, "match": 68, "score": 0}}, {"model": "vr_tournaments.score", "pk": 261, "fields": {"player": 1, "match": 69, "score": 2}}, {"model": "vr_tournaments.score", "pk": 262, "fields": {"player": 2, "match": 69, "score": 3}}, {"model": "vr_tournaments.score", "pk": 263, "fields": {"player": 5, "match": 69, "score": 1}}, {"model": "vr_tournaments.score", "pk": 264, "fields": {"player": 6, "match": 69, "score": 0}}, {"model": "vr_tournaments.score", "pk": 265, "fields": {"player": 1, "match": 70, "score": 1}}, {"model": "vr_tournaments.score", "pk": 266, "fields": {"player": 2, "match": 70, "score": 1}}, {"model": "vr_tournaments.score", "pk": 267, "fields": {"player": 5, "match": 70, "score": 0}}, {"model": "vr_tournaments.score", "pk": 268, "fields": {"player": 6, "match": 70, "score": 0}}, {"model": "vr_tournaments.score", "pk": 269, "fields": {"player": 1, "match": 71, "score": 2}}, {"model": "vr_tournaments.score", "pk": 270, "fields": {"player": 2, "match": 71, "score": 1}}, {"model": "vr_tournaments.score", "pk": 271, "fields": {"player": 5, "match": 71, "score": 3}}, {"model": "vr_tournaments.score", "pk": 272, "fields": {"player": 6, "match": 71, "score": 4}}, {"model": "vr_tournaments.score", "pk": 273, "fields": {"player": 1, "match": 72, "score": 3}}, {"model": "vr_tournaments.score", "pk": 274, "fields": {"player": 2, "match": 72, "score": 2}}, {"model": "vr_tournaments.score", "pk": 275, "fields": {"player": 5, "match": 72, "score": 1}}, {"model": "vr_tournaments.score", "pk": 276, "fields": {"player": 6, "match": 72, "score": 4}}, {"model": "vr_tournaments.score", "pk": 277, "fields": {"player": 1, "match": 73, "score": 3}}, {"model": "vr_tournaments.score", "pk": 278, "fields": {"player": 2, "match": 73, "score": 1}}, {"model": "vr_tournaments.score", "pk": 279, "fields": {"player": 5, "match": 73, "score": 2}}, {"model": "vr_tournaments.score", "pk": 280, "fields": {"player": 6, "match": 73, "score": 0}}, {"model": "vr_tournaments.score", "pk": 281, "fields": {"player": 1, "match": 74, "score": 3}}, {"model": "vr_tournaments.score", "pk": 282, "fields": {"player": 2, "match": 74, "score": 2}}, {"model": "vr_tournaments.score", "pk": 283, "fields": {"player": 5, "match": 74, "score": 2}}, {"model": "vr_tournaments.score", "pk": 284, "fields": {"player": 6, "match": 74, "score": 0}}, {"model": "vr_tournaments.score", "pk": 285, "fields": {"player": 1, "match": 75, "score": 0}}, {"model": "vr_tournaments.score", "pk": 286, "fields": {"player": 2, "match": 75, "score": 2}}, {"model": "vr_tournaments.score", "pk": 287, "fields": {"player": 5, "match": 75, "score": 3}}, {"model": "vr_tournaments.score", "pk": 288, "fields": {"player": 6, "match": 75, "score": 1}}, {"model": "vr_tournaments.score", "pk": 289, "fields": {"player": 1, "match": 76, "score": 0}}, {"model": "vr_tournaments.score", "pk": 290, "fields": {"player": 2, "match": 76, "score": 1}}, {"model": "vr_tournaments.score", "pk": 291, "fields": {"player": 5, "match": 76, "score": 2}}, {"model": "vr_tournaments.score", "pk": 292, "fields": {"player": 6, "match": 76, "score": 3}}, {"model": "vr_tournaments.score", "pk": 293, "fields": {"player": 1, "match": 78, "score": 1}}, {"model": "vr_tournaments.score", "pk": 294, "fields": {"player": 2, "match": 78, "score": 2}}, {"model": "vr_tournaments.score", "pk": 295, "fields": {"player": 5, "match": 78, "score": 3}}, {"model": "vr_tournaments.score", "pk": 296, "fields": {"player": 6, "match": 78, "score": 0}}, {"model": "vr_tournaments.score", "pk": 297, "fields": {"player": 1, "match": 79, "score": 2}}, {"model": "vr_tournaments.score", "pk": 298, "fields": {"player": 2, "match": 79, "score": 3}}, {"model": "vr_tournaments.score", "pk": 299, "fields": {"player": 5, "match": 79, "score": 2}}, {"model": "vr_tournaments.score", "pk": 300, "fields": {"player": 6, "match": 79, "score": 0}}, {"model": "vr_tournaments.score", "pk": 301, "fields": {"player": 1, "match": 80, "score": 2}}, {"model": "vr_tournaments.score", "pk": 302, "fields": {"player": 2, "match": 80, "score": 1}}, {"model": "vr_tournaments.score", "pk": 303, "fields": {"player": 5, "match": 80, "score": 0}}, {"model": "vr_tournaments.score", "pk": 304, "fields": {"player": 6, "match": 80, "score": 0}}, {"model": "vr_tournaments.score", "pk": 305, "fields": {"player": 1, "match": 81, "score": 2}}, {"model": "vr_tournaments.score", "pk": 306, "fields": {"player": 2, "match": 81, "score": 1}}, {"model": "vr_tournaments.score", "pk": 307, "fields": {"player": 5, "match": 81, "score": 0}}, {"model": "vr_tournaments.score", "pk": 308, "fields": {"player": 6, "match": 81, "score": 0}}, {"model": "vr_tournaments.score", "pk": 309, "fields": {"player": 1, "match": 82, "score": 3}}, {"model": "vr_tournaments.score", "pk": 310, "fields": {"player": 2, "match": 82, "score": 2}}, {"model": "vr_tournaments.score", "pk": 311, "fields": {"player": 5, "match": 82, "score": 2}}, {"model": "vr_tournaments.score", "pk": 312, "fields": {"player": 6, "match": 82, "score": 0}}, {"model": "vr_tournaments.score", "pk": 313, "fields": {"player": 1, "match": 83, "score": 3}}, {"model": "vr_tournaments.score", "pk": 314, "fields": {"player": 2, "match": 83, "score": 2}}, {"model": "vr_tournaments.score", "pk": 315, "fields": {"player": 5, "match": 83, "score": 4}}, {"model": "vr_tournaments.score", "pk": 316, "fields": {"player": 6, "match": 83, "score": 2}}, {"model": "vr_tournaments.score", "pk": 317, "fields": {"player": 1, "match": 84, "score": 3}}, {"model": "vr_tournaments.score", "pk": 318, "fields": {"player": 2, "match": 84, "score": 2}}, {"model": "vr_tournaments.score", "pk": 319, "fields": {"player": 5, "match": 84, "score": 1}}, {"model": "vr_tournaments.score", "pk": 320, "fields": {"player": 6, "match": 84, "score": 4}}, {"model": "vr_tournaments.score", "pk": 321, "fields": {"player": 1, "match": 85, "score": 4}}, {"model": "vr_tournaments.score", "pk": 322, "fields": {"player": 2, "match": 85, "score": 1}}, {"model": "vr_tournaments.score", "pk": 323, "fields": {"player": 5, "match": 85, "score": 3}}, {"model": "vr_tournaments.score", "pk": 324, "fields": {"player": 6, "match": 85, "score": 3}}, {"model": "vr_tournaments.score", "pk": 325, "fields": {"player": 1, "match": 86, "score": 3}}, {"model": "vr_tournaments.score", "pk": 326, "fields": {"player": 2, "match": 86, "score": 3}}, {"model": "vr_tournaments.score", "pk": 327, "fields": {"player": 5, "match": 86, "score": 0}}, {"model": "vr_tournaments.score", "pk": 328, "fields": {"player": 6, "match": 86, "score": 1}}, {"model": "vr_tournaments.score", "pk": 329, "fields": {"player": 1, "match": 87, "score": 2}}, {"model": "vr_tournaments.score", "pk": 330, "fields": {"player": 2, "match": 87, "score": 1}}, {"model": "vr_tournaments.score", "pk": 331, "fields": {"player": 5, "match": 87, "score": 0}}, {"model": "vr_tournaments.score", "pk": 332, "fields": {"player": 6, "match": 87, "score": 3}}, {"model": "vr_tournaments.score", "pk": 333, "fields": {"player": 1, "match": 88, "score": 3}}, {"model": "vr_tournaments.score", "pk": 334, "fields": {"player": 2, "match": 88, "score": 1}}, {"model": "vr_tournaments.score", "pk": 335, "fields": {"player": 5, "match": 88, "score": 2}}, {"model": "vr_tournaments.score", "pk": 336, "fields": {"player": 6, "match": 88, "score": 0}}, {"model": "vr_tournaments.score", "pk": 337, "fields": {"player": 1, "match": 89, "score": 3}}, {"model": "vr_tournaments.score", "pk": 338, "fields": {"player": 2, "match": 89, "score": 1}}, {"model": "vr_tournaments.score", "pk": 339, "fields": {"player": 5, "match": 89, "score": 2}}, {"model": "vr_tournaments.score", "pk": 340, "fields": {"player": 6, "match": 89, "score": 0}}, {"model": "vr_tournaments.score", "pk": 341, "fields": {"player": 1, "match": 90, "score": 3}}, {"model": "vr_tournaments.score", "pk": 342, "fields": {"player": 2, "match": 90, "score": 4}}, {"model": "vr_tournaments.score", "pk": 343, "fields": {"player": 5, "match": 90, "score": 1}}, {"model": "vr_tournaments.score", "pk": 344, "fields": {"player": 6, "match": 90, "score": 2}}, {"model": "vr_tournaments.score", "pk": 345, "fields": {"player": 1, "match": 91, "score": 3}}, {"model": "vr_tournaments.score", "pk": 346, "fields": {"player": 2, "match": 91, "score": 3}}, {"model": "vr_tournaments.score", "pk": 347, "fields": {"player": 5, "match": 91, "score": 1}}, {"model": "vr_tournaments.score", "pk": 348, "fields": {"player": 6, "match": 91, "score": 0}}]